<?xml version="1.0" encoding="utf-8"?>
<prefix name="hint" label="Hint" language_tag="en" language_label="English"><key name="admin-hit-preview"><value>Preview</value></key><key name="admin_button_configuration_label"><value>Actions</value></key><key name="admin_button_dnd_legend"><value>You can change the order of the buttons by dragging them to needed position.</value></key><key name="admin_button_features_label"><value>Additional Features</value></key><key name="admin_configs_saved"><value>Settings have been saved</value></key><key name="admin_configuration_label"><value>Hint configuration</value></key><key name="admin_event_cover_option"><value>Cover Image</value></key><key name="admin_group_cover_option"><value>Cover Image</value></key><key name="admin_heading"><value>User Hint</value></key><key name="admin_hint_heading"><value>Hint</value></key><key name="admin_info0_label"><value>Line 0</value></key><key name="admin_info1_label"><value>Line 1</value></key><key name="admin_info2_label"><value>Line 2</value></key><key name="admin_information_label"><value>Information</value></key><key name="admin_notification"><value>{$plugin} requires your attention. Please review &lt;a href="{$settingsUrl}"&gt;the plugin settings&lt;/a&gt; and change them if it needed.</value></key><key name="admin_profile_cover_option"><value>Cover Image</value></key><key name="admin_save_btn"><value>Save</value></key><key name="admin_tab_events"><value>Events</value></key><key name="admin_tab_groups"><value>Groups</value></key><key name="admin_tab_users"><value>Users</value></key><key name="button_attend_event_config"><value>Join</value></key><key name="button_attend_event_label"><value>Join</value></key><key name="button_follow_group_config"><value>Follow/Unfollow</value></key><key name="button_friends_add_label"><value>Add Friend</value></key><key name="button_friends_remove_label"><value>Remove Friend</value></key><key name="button_join_group_config"><value>Join/Leave</value></key><key name="button_send_message_label"><value>Send message</value></key><key name="button_view_event_config"><value>View event</value></key><key name="button_view_event_label"><value>View event</value></key><key name="button_view_group_config"><value>View group</value></key><key name="button_view_group_label"><value>View group</value></key><key name="button_view_profile_config"><value>View Profile</value></key><key name="button_view_profile_label"><value>View Profile</value></key><key name="custom_settings_label"><value>Settings</value></key><key name="eheader_required_long"><value>You need to install {$plugin} to enable &lt;b&gt;{$feature}&lt;/b&gt; feature.</value></key><key name="eheader_required_short"><value>{$plugin} is require</value></key><key name="event_attend_maybe"><value>Maybe</value></key><key name="event_attend_no"><value>Not attending</value></key><key name="event_attend_yes"><value>Attending</value></key><key name="event_hint_type_date"><value>Date</value></key><key name="event_hint_type_image"><value>Image</value></key><key name="event_hint_type_label"><value>Layout</value></key><key name="event_info_access_and_creator"><value>{$accessibility} · Created by {$user}</value></key><key name="event_info_access_by_invitation"><value>By invitation</value></key><key name="event_info_access_public"><value>Public</value></key><key name="event_info_created_by"><value>Created by {$user}</value></key><key name="event_info_date"><value>{$startDate} - {$endDate}</value></key><key name="event_info_end_date"><value>{$endDate}</value></key><key name="event_info_start_date"><value>{$startDate}</value></key><key name="friend_list_fb_title"><value>{$user}'s friends</value></key><key name="gheader_required_long"><value>You need to install {$plugin} to enable &lt;b&gt;{$feature}&lt;/b&gt; feature.</value></key><key name="gheader_required_short"><value>{$plugin} is require</value></key><key name="group_info_access_and_creator"><value>{$accessibility} · Admin: {$user}</value></key><key name="group_info_access_by_invitation"><value>By invitation</value></key><key name="group_info_access_public"><value>Public</value></key><key name="group_info_admin"><value>Admin: {$user}</value></key><key name="group_join_btn_label"><value>Join</value></key><key name="group_leave_btn_label"><value>Leave</value></key><key name="group_private_join_error"><value>You can not join private group</value></key><key name="group_users_list_title"><value>Group users</value></key><key name="info-about-label"><value>About Me</value></key><key name="info-about-preview"><value>About Me</value></key><key name="info-activity"><value>Activity: &lt;span class="ow_remark"&gt;{$activity}&lt;/span&gt;</value></key><key name="info-activity-label"><value>User activity</value></key><key name="info-activity-preview"><value>Activity: &lt;span class="ow_remark"&gt;2 days ago&lt;/span&gt;</value></key><key name="info-gender-age-label"><value>Gender + Age</value></key><key name="info-gender-age-preview"><value>Gender + Age</value></key><key name="info-question-label"><value>Profile Question</value></key><key name="info_event_access_and_creator_label"><value>Accessibility + Created by</value></key><key name="info_event_access_label"><value>Accessibility</value></key><key name="info_event_created_by_label"><value>Created by</value></key><key name="info_event_date_label"><value>Date</value></key><key name="info_event_desc_label"><value>Event description</value></key><key name="info_event_desc_preview"><value>New Year is the time at which a new calendar year begins and the calendar's year count is incremented.</value></key><key name="info_event_end_date_label"><value>End date</value></key><key name="info_event_location_label"><value>Location</value></key><key name="info_event_location_preview"><value>New York, United States</value></key><key name="info_event_start_date_label"><value>Start date</value></key><key name="info_event_users_label"><value>Attending users</value></key><key name="info_friend_list_label"><value>Friends</value></key><key name="info_group_access_and_creator_label"><value>Accessibility + Admin</value></key><key name="info_group_access_label"><value>Accessibility</value></key><key name="info_group_admin_label"><value>Admin</value></key><key name="info_group_created_admin"><value>Created: &lt;b class="ow_small"&gt;{$date}&lt;/b&gt; by {$user}</value></key><key name="info_group_created_admin_label"><value>Created date + Admin</value></key><key name="info_group_created_date"><value>Created: {$date}</value></key><key name="info_group_created_date_label"><value>Create date</value></key><key name="info_group_desc_label"><value>Description</value></key><key name="info_group_desc_preview"><value>This group is all about having fun on the mountains and meeting new friends to ski or ride with. This group is focusing on a younger crowd (or young at heart) that's outgoing, fun and adventurous. Of course all skill levels are welcome and the more the merrier.</value></key><key name="info_group_users_label"><value>Users</value></key><key name="info_line_empty"><value>Empty</value></key><key name="info_photo_count"><value>Photos: &lt;a href="{$url}"&gt;{$count}&lt;/a&gt;</value></key><key name="info_photo_count_label"><value>Photo count</value></key><key name="info_photo_count_preview"><value>Photos: &lt;a href="javascript://"&gt;10&lt;/a&gt;</value></key><key name="info_video_count_label"><value>Video count</value></key><key name="info_video_count_preview"><value>Video: &lt;a href="javascript://"&gt;10&lt;/a&gt;</value></key><key name="info_vide_count"><value>Video: &lt;a href="{$url}"&gt;{$count}&lt;/a&gt;</value></key><key name="invite_users_title"><value>Invite users</value></key><key name="leave_review_suggest"><value>Please, &lt;a href="{$pluginUrl}" target="_blank"&gt;leave a review&lt;/a&gt;  if you liked the plugin.</value></key><key name="mcompose_required_long"><value>You need to install {$plugin} to enable &lt;b&gt;{$feature}&lt;/b&gt; feature.</value></key><key name="mcompose_required_short"><value>{$plugin} is required</value></key><key name="private_profile_message"><value>This user decided  to not share his profile information.</value></key><key name="uheader_required_long"><value>You need to install {$plugin} to enable &lt;b&gt;{$feature}&lt;/b&gt; feature.</value></key><key name="uheader_required_short"><value>{$plugin} is require</value></key><key name="view_all_users_title"><value>View all</value></key></prefix>
